iter	Logloss
0	0.684081796
1	0.6759074557
2	0.669592178
3	0.6638577019
4	0.658735593
5	0.6540733795
6	0.6493249229
7	0.6455077958
8	0.6415835633
9	0.6374421271
10	0.6345023639
11	0.6316474687
12	0.6270699826
13	0.6240647915
14	0.6219221812
15	0.6198823279
16	0.6176428519
17	0.6156640142
18	0.613859049
19	0.6120733493
20	0.6101080169
21	0.6085808923
22	0.6073733319
23	0.6056161883
24	0.6046600075
25	0.6035906757
26	0.6025734798
27	0.6015596823
28	0.6009869874
29	0.5993940038
